MaNV,HoTen,MatKhau
01,Kimberly Baker,01
02,James Davis,02
03,Jacqueline Floyd,03
04,Christopher Haynes,04
05,William Graham,05
06,Robert Myers,06
07,Lisa Burns,07
08,William Nielsen,08
09,Ray Stewart,09
10,Tina Santiago,10
11,Kara Johnson,11
12,Albert Spears,12
13,Paula Morrison,13
14,Casey Romero,14
15,Erik Green,15
16,Richard Brown,16
17,Benjamin Swanson,17
18,Melissa Young,18
19,Carrie Lopez,19
20,Ray Davis,20
21,Joseph Andrews,21
22,Jessica Maxwell,22
23,Gregory Hall,23
24,Katherine Garrison,24
25,Sara Munoz,25
26,Vanessa Garcia,26
27,Gregory Leach,27
28,Troy Graham,28
29,Bryan Ruiz,29
30,Ashley Taylor,30
31,Joyce Owen,31
32,Andrew Carr,32
33,Matthew Martinez,33
34,Morgan Houston,34
35,Amy Summers,35
36,Lori Reynolds,36
37,Jennifer Church,37
38,Jeffery Harrison,38
39,Kimberly Greene,39
40,Zachary Singh,40
41,Brandon Smith,41
42,Brittany Campbell,42
43,Brittany Moore,43
44,Tammy White,44
45,Michael Greene,45
46,Stephanie Moody,46
47,Tristan Mcgrath,47
48,Michael Smith,48
49,Adam Copeland,49
50,Tristan Anderson,50
51,Andrew Rivera,51
52,Gina Black,52
53,Diane Walls,53
54,Jacob Vaughn,54
55,Sharon Weiss,55
56,Alexandra Cole,56
57,Deanna Stokes,57
58,Amber Stevens,58
59,Jonathan Dixon,59
60,Kara Smith,60
61,Rebecca Lee,61
62,Charles Bryant,62
63,Antonio Martin,63
64,Craig Beck,64
65,Sarah Davis,65
66,Ana Tate,66
67,Michelle Andrade,67
68,Ryan Gonzales,68
69,Ryan Jenkins,69
70,Kenneth Lee,70
71,Walter Hall,71
72,Michael Brown,72
73,Matthew Jones,73
74,John Johnson,74
75,Ann Martinez,75
76,Lori Patrick,76
77,John Mullins,77
78,Dennis Thompson,78
79,Christopher Hale,79
80,Aaron Ross,80
81,Justin Burns,81
82,Mary Raymond,82
83,Lisa Bruce,83
84,Theresa Villarreal,84
85,Derek Finley,85
86,William Shields,86
87,Carol Ayala,87
88,Ms. Lauren Burgess,88
89,Jessica Stanton,89
90,Francisco Green MD,90
91,Chelsey Gilbert,91
92,Michelle Webb,92
93,Terry Richard,93
94,Lori Garrett,94
95,Mrs. Kathy Thomas,95
96,Karen Brady,96
97,Amy Phillips,97
98,Jennifer Alvarez,98
99,Kevin Lee,99
100,Shelly Ryan,100
