MaNhaSi,HoTen,SoDienThoai,MatKhau,LichLam,Ban
01,Patrick Hernandez PhD,4551326118,01,4-1-7-6-2,0
02,Heather Ellis,3554014149,02,5-6-3-4,0
03,Ashley Murray,8355211413,03,7-6-3-2-5,0
04,Jessica Dawson,8494216580,04,2-3-5,0
05,Cory Allen,8430459171,05,5-6-3-2-1-7,0
06,Rebecca Gibson,9456875172,06,5-6-3-7-1,0
07,Xavier Anderson,5330139693,07,7,0
08,Brian Bauer,6773515353,08,3-5-2-7-6-4,0
09,Charles Newman,1286598739,09,5-2-3-1-4-7-6,0
10,Ashley Bird,3962268741,10,7-1-3-5-4,0
11,Thomas Parker,1686810276,11,1-4-2-6,0
12,Heather Gordon,2506666887,12,1-4-3-7-6,0
13,Mr. Patrick Scott Jr.,540764725,13,4-7-6-1-2,0
14,Julie Wallace,2705110202,14,6-4-2-1-7-3,0
15,Kathleen Nicholson,5414746999,15,5-2-6-3,0
16,Ernest Cruz,973621292,16,1-7-5,0
17,Billy Fields,6490274392,17,7-5-4,0
18,Joseph Thompson,1996304158,18,7-5-4-6-2,0
19,Curtis Alexander,8246327366,19,4-6-1-3-2-5,0
20,John Ferguson,4317200091,20,7-1-2-5-3-6-4,0
21,Yvette Harris,9209033918,21,5-4-2-1-3-6-7,0
22,Jay Davis,7536746663,22,3,0
23,Margaret Rogers,9188864627,23,4-6,0
24,Joshua Chavez,6556941119,24,1-3-7-2,0
25,Chad Deleon,3866114171,25,3-6,0
26,Brian Perez,8243132286,26,5-4-7-2-1,0
27,Morgan Walton,3690500676,27,2-4-6-5-7,0
28,Andres Cooper,9776776044,28,1-2-5-7-3-6-4,0
29,Kelly Williams,6075522369,29,6-7-1-3-5,0
30,Jodi Barnes,1711811399,30,7,0
31,Gregory Salinas,9491560193,31,5-4-1-2-3,0
32,Laurie Williams,3127669860,32,3-2,0
33,Christopher Ortiz,3037568708,33,3-2,0
34,Joshua Parsons,1732141518,34,5-6,0
35,Daniel King,1391772964,35,1-7-3,0
36,Brianna Montes MD,5169805698,36,1-4-6-2-5,0
37,Brandy Morales,356669671,37,1-4-2-7,0
38,Steven Haynes,3623720188,38,2-5-1-3-4-7-6,0
39,Audrey Howe,364466591,39,7-3-6,0
40,Ashley Esparza,9064813965,40,5,0
41,Andrea Green,3181463193,41,4-6-2-5,0
42,Edward Sparks,5040907976,42,6-4-3,0
43,Colleen Taylor,5835192013,43,3-1-6,0
44,Jennifer Carlson,4240653481,44,2-5-6-4-1-3,0
45,Madeline Hanson,6475810476,45,7-5-1-2,0
46,Jocelyn Harmon,2536754409,46,7-5-4-3-1,0
47,Kenneth Lopez,9138497587,47,1-2,0
48,Lawrence Cook,5365949675,48,5-1-2-7-4-6,0
49,Erica Smith,5719210409,49,1-5-7-6-2-4,0
50,Rebecca Osborn,5936555348,50,1-2-7-5,0
51,Jake Foster,9452549988,51,3-7-5-4-2,0
52,Erica White,1223868604,52,6-3,0
53,Caleb Campos,3264365220,53,4,0
54,Amber Johnson,7521116161,54,6-7-2-5-3-1,0
55,Christopher Lyons,7481391569,55,4-5-3-7,0
56,Sarah Rose,9187914697,56,6,0
57,Nancy Reynolds,4666051670,57,3-7-4,0
58,Mary Abbott,8814979023,58,3,0
59,Madison Roberts,8283620471,59,3-1-5,0
60,Marcus Harris,4647021111,60,7-4-1,0
61,Cheryl Macdonald,842270453,61,2-3-1-6,0
62,Valerie Keller,8592789827,62,6-1-2-5-3,0
63,Lee Garcia,9608641660,63,4-3-1-2-6-5,0
64,Angela Schmitt,577057920,64,1-5-4-3-6-7,0
65,Thomas Williams,4221577086,65,4-5-7,0
66,Deborah Patrick,1488868053,66,2-6-5-4,0
67,Stephanie Ford,7962228813,67,1-4-2-7,0
68,Amy Rogers,4026008766,68,1-7-4-6-3,0
69,Dalton King,1475065469,69,2-1-5-7-3-6,0
70,Lori Schwartz,9821882753,70,4-1-5,0
71,Sabrina Rice,2086421377,71,4-2,0
72,Mark Young,4435101403,72,1-2,0
73,Michelle Taylor,3092077147,73,4-7-3-1-6,0
74,Deborah Gibbs,2572340673,74,6-5-2-1-7,0
75,Joe Glass,7407885785,75,6-7-4-2-3-5,0
76,Melissa Cole,1949631080,76,2-3-7-4-5,0
77,Margaret Reyes,3963864981,77,1-5-6-7-3,0
78,Danny Spencer,5194337748,78,7-2,0
79,Angela Adkins,3693861330,79,5-3-2-1-7-4,0
80,Samantha Ford,3460613334,80,3-6-5-2-7-1,0
81,Shannon Maxwell,4255932872,81,3,0
82,Johnny Knox,5832603690,82,1-4-7-3-6-5-2,0
83,Brittney Barnes,779178894,83,7-1-3-4,0
84,Pam Alvarez,500711803,84,5-7-1-4-2-6-3,0
85,Anna Wilkins,1361075384,85,6,0
86,David Russo,8127636271,86,3,0
87,David Jones,3902167002,87,4-2-5,0
88,Samantha Gill,5887645535,88,1-7,0
89,John Kelly,2521686211,89,3-1,0
90,Jessica Smith,644616491,90,7,0
91,Christina Mcmahon,9918208927,91,2-6-7-3,0
92,Eric Hamilton,4606105874,92,3-2-5,0
93,Nathan Bowen,1036929941,93,4-6,0
94,Daniel Smith,4757937022,94,3,0
95,Fred Morgan,6221369988,95,1-4-6-2-3-7,0
96,Heather Johnson,6861319870,96,1-4-6-7,0
97,Oscar Johns,9843359372,97,2-4-1-7-6,0
98,Jill Pena,548647792,98,4-7-1-5-3-2-6,0
99,Christopher Lee,4243288289,99,3-7-1,0
100,Jeremy Villarreal,8810696159,100,1-3-4-6-2,0
